2005-03-28,995.58,1
2003-05-03,994.63,2
2000-10-23,994.1,3
2006-11-09,988.84,4
2001-09-25,986.11,5
2007-06-19,964.88,6
2004-07-08,5034.13,7
2007-06-11,5025.17,8
2002-04-17,5011.68,9
2005-08-22,5008.93,10
2003-12-03,5006.85,11
2004-09-11,4996.14,12
2005-12-12,4988.02,13
2005-07-29,4987.29,14
2000-04-20,4980.72,15
2005-12-16,4979.89,16
2005-07-27,4979.01,17
2001-05-01,4972.69,18
2000-11-11,4972.17,19
2002-03-10,4971.15,20
2001-06-14,4970.55,21
2003-11-04,4965.92,22
2000-06-15,4964.89,23
2003-10-28,4962.42,24
2002-11-04,4958.84,25
2002-07-17,4956.77,26
2006-05-17,4953.91,27
2001-03-09,4953.74,28
2006-09-05,4948.02,29
2007-01-23,4947.9,30
2006-03-07,4946.05,31
2000-03-20,4938.31,32
2007-05-14,4936.9,33
2000-10-14,4934.5,34
2002-02-22,4934.37,35
2001-02-13,4934.24,36
2003-12-16,4934,37
2006-09-12,4933.67,38
2001-07-31,4930.94,39
2004-12-09,4930.71,40
2001-05-14,4929.89,41
2004-11-25,4927.32,42
2007-07-23,4925,43
2004-02-16,4920.68,44
2004-12-11,4908.86,45
2007-05-24,4908.69,46
2007-10-22,4905.35,47
2000-02-04,4898.08,48
2004-09-06,4893.77,49
2005-05-07,4893.44,50
2001-09-18,4890.68,51
2002-09-07,4888.61,52
2000-07-20,4887.65,53
2002-06-26,4887,54
2005-03-29,4884.96,55
2000-01-29,4880.47,56
2007-01-30,4880.07,57
2001-11-26,4879.48,58
2008-02-29,4879.17,59
2000-08-02,4876.86,60
2005-01-21,4876.23,61
2002-03-15,4872.14,62
2002-03-17,4868.07,63
2005-05-25,4865.09,64
2006-03-22,4864.65,65
2004-08-24,4862.16,66
2002-12-28,4857.91,67
2004-03-09,4857.59,68
2002-02-28,4855.66,69
2002-02-05,4855.48,70
2003-05-23,4854.52,71
2001-03-11,4854.15,72
2006-08-19,4845.89,73
2002-11-08,4845.42,74
2004-01-17,4845.39,75
2004-03-07,4844.79,76
2001-02-20,4844.7,77
2002-12-04,4843.46,78
2005-03-30,4842.18,79
2001-03-28,4839.55,80
2002-11-26,4838.88,81
2001-04-17,4837.4,82
2002-01-04,4834.89,83
2002-08-27,4832.01,84
2007-10-12,4829.43,85
2007-12-17,4826.37,86
2007-10-18,4824.34,87
2000-05-03,4824.13,88
2007-12-31,4823.03,89
2008-02-17,4820.57,90
2002-02-26,4819.47,91
2002-10-24,4815.27,92
2006-01-13,4815.18,93
2005-02-26,4814.64,94
2006-08-04,4812.88,95
2005-11-29,4811.97,96
2007-02-22,4808.82,97
2006-10-05,4808.51,98
2007-10-13,4808.48,99
2003-12-26,4807.44,100
2002-01-09,4804.97,101
2004-05-10,4801.18,102
2001-03-04,4797.84,103
2000-07-05,4797.35,104
2000-01-24,4792.6,105
2001-06-12,4787.93,106
2007-08-24,4785.54,107
2004-09-01,4784.58,108
2005-01-28,4782.06,109
2007-03-10,4781.44,110
2005-03-01,4780.39,111
2007-05-07,4779.72,112
2004-09-19,4774.7,113
2006-05-15,4771.51,114
2001-04-28,4770.8,115
2006-05-01,4766.18,116
2002-12-16,4764.61,117
2001-07-24,4764.35,118
2002-08-08,4764.24,119
2006-07-23,4761.7,120
2002-04-24,4755.38,121
2007-01-25,4755.36,122
2001-10-01,4754.84,123
2002-05-13,4752.59,124
2004-05-28,4752.16,125
2002-03-14,4751.98,126
2003-09-27,4751.82,127
2006-04-21,4751.3,128
2006-05-11,4746.96,129
2000-02-24,4741.29,130
2003-04-12,4738.82,131
2005-04-15,4736.18,132
2001-05-31,4733.12,133
2007-06-13,4731.32,134
2007-01-03,4729.82,135
2008-01-25,4728.06,136
2007-10-29,4725.39,137
2004-06-25,4723.65,138
2000-11-01,4720.29,139
2003-12-11,4719.51,140
2005-11-15,4716.95,141
2005-01-11,4716.88,142
2004-12-07,4714.31,143
2002-01-25,4710.96,144
2005-05-11,4709.94,145
2000-12-18,4702.69,146
2003-03-13,4699.18,147
2006-02-24,4693.63,148
2002-04-16,4687.66,149
2000-09-09,4685.18,150
2007-12-10,4681.8,151
2005-09-25,4678.15,152
2003-12-10,4675.34,153
2003-04-07,4669.43,154
2003-02-16,4669.24,155
2004-06-30,4663.15,156
2006-08-31,4660.78,157
2000-01-04,4660.47,158
2000-07-25,4660.03,159
2007-12-15,4658.65,160
2006-12-03,4656.93,161
2000-04-11,4655.27,162
2003-07-13,4653.76,163
2003-10-27,4652.9,164
2004-11-07,4646.65,165
2008-01-09,4643.71,166
2001-01-18,4642.62,167
2004-10-18,4642.49,168
2007-12-26,4640.44,169
2003-01-08,4640.11,170
2002-08-13,4638.47,171
2005-03-02,4636.37,172
2007-10-30,4634.23,173
2002-04-23,4633.07,174
2000-08-21,4631.69,175
2002-07-15,4629.52,176
2000-01-14,4629.28,177
2007-01-10,4628.95,178
2002-10-04,4626.19,179
2007-06-20,4619.62,180
2007-09-18,4612.16,181
2005-05-30,4610.57,182
2000-11-17,4608.7,183
2001-09-14,4608.6,184
2001-03-02,4607.98,185
2001-11-06,4606.66,186
2008-02-20,4605.52,187
2003-08-30,4599.73,188
2005-08-21,4599.61,189
2002-03-13,4591.62,190
2000-08-25,4588.38,191
2006-05-27,4586.46,192
2003-09-15,4585.1,193
2003-10-24,4583.05,194
2002-05-23,4583.03,195
2003-02-21,4582.61,196
2001-01-30,4582.19,197
2000-01-19,4581.54,198
2001-07-26,4580.97,199
2000-12-23,4576.73,200
2001-05-27,4576.63,201
2007-12-21,4575.98,202
2000-09-20,4575.86,203
2001-03-06,4575.21,204
2001-05-25,4568.76,205
2006-11-28,4568.66,206
2000-03-16,4565.58,207
2006-11-23,4560.22,208
2006-02-01,4554.9,209
2001-12-22,4554.71,210
2002-01-28,4553.57,211
2000-09-12,4552.22,212
2004-11-15,4549.02,213
2000-05-16,4548.73,214
2004-02-14,4547.94,215
2002-05-21,4547.46,216
2001-08-05,4540.87,217
2005-07-11,4540.61,218
2003-04-13,4539.5,219
2003-08-28,4535.95,220
2003-09-03,4531.26,221
2006-07-13,4530.87,222
2004-10-16,4529.14,223
2007-03-03,4526.39,224
2007-04-26,4523.26,225
2005-07-10,4518.47,226
2000-05-09,4512.04,227
2006-09-07,4511.16,228
2000-11-08,4508.4,229
2003-06-03,4504.12,230
2004-02-03,4503.43,231
2006-09-21,4502.82,232
2000-07-06,4502.48,233
2006-03-12,4502.13,234
2004-06-16,4501.97,235
2001-05-13,4501.21,236
2003-07-16,4498.34,237
2004-02-07,4496.95,238
2007-03-19,4494.03,239
2003-03-24,4493.84,240
2005-08-03,4492.81,241
2007-08-19,4487.81,242
2001-04-27,4487.75,243
2006-05-03,4486.79,244
2005-02-21,4486.43,245
2000-03-17,4484.11,246
2002-09-17,4482.83,247
2008-01-03,4481.54,248
2007-01-07,4480.35,249
2002-09-23,4479.62,250
2000-05-20,4475.97,251
2001-05-03,4470.42,252
2000-03-15,4469.86,253
2007-03-06,4465.02,254
2002-05-11,4462.62,255
2005-05-10,4459.62,256
2004-03-25,4458.12,257
2000-02-15,4452.9,258
2002-09-27,4450.6,259
2003-04-19,4450.3,260
2000-09-02,4444.51,261
2004-04-19,4440.83,262
2004-02-06,4439.17,263
2001-10-20,4437.25,264
2005-06-13,4435.86,265
2008-01-22,4434.02,266
2006-11-26,4433.6,267
2000-02-11,4428.68,268
2007-03-05,4428.59,269
2007-04-08,4427.62,270
2005-08-27,4425.35,271
2004-02-18,4425,272
2002-08-23,4424.54,273
2002-12-12,4417.9,274
2001-05-22,4416.26,275
2000-04-17,4415.4,276
2003-11-08,4415,277
2000-07-17,4414.63,278
2004-02-24,4411.04,279
2002-07-07,4410.34,280
2007-07-30,4408.37,281
2005-11-28,4400.78,282
2004-05-03,4397.84,283
2004-05-01,4397.11,284
2003-04-21,4396.42,285
2000-02-25,4393.52,286
2004-01-09,4392.87,287
2007-09-11,4390.67,288
2007-01-14,4390.22,289
2005-01-03,4381.24,290
2001-03-20,4379.93,291
2000-06-25,4379.83,292
2002-04-06,4378.29,293
2002-10-03,4377.55,294
2000-06-23,4376.39,295
2001-09-11,4375.91,296
2004-01-15,4374.02,297
2005-08-11,4372.82,298
2007-09-13,4371.42,299
2005-03-15,4370.84,300
2007-06-21,4367.98,301
2004-06-06,4367.61,302
2007-04-11,4367.4,303
2001-01-07,4367.12,304
2002-02-21,4365.12,305
2000-06-13,4362.65,306
2003-10-30,4362.44,307
2000-09-05,4361.93,308
2003-06-29,4353.56,309
2007-02-20,4353.29,310
2005-03-20,4353.1,311
2003-07-01,4348.87,312
2005-02-03,4347.97,313
2001-12-20,4347.54,314
2006-04-28,4343.54,315
2003-11-26,4342.09,316
2001-11-13,4341.36,317
2004-07-25,4339.92,318
2005-05-06,4337.17,319
2004-08-18,4336.44,320
2003-02-04,4332.44,321
2008-03-03,4328.37,322
2006-07-24,4324.82,323
2000-05-26,4324.53,324
2007-09-19,4322.55,325
2004-12-24,4318.73,326
2004-04-22,4318.28,327
2003-02-06,4317.57,328
2001-09-03,4315.05,329
2007-04-18,4314.88,330
2000-08-05,4312.04,331
2001-05-16,4311.95,332
2002-09-04,4310.98,333
2001-10-19,4306.34,334
2006-06-02,4304.29,335
2007-04-19,4304,336
2008-03-18,4303.82,337
2005-06-08,4303.47,338
2005-11-14,4302.55,339
2004-10-26,4302.48,340
2003-10-29,4301.48,341
2006-06-01,4301.34,342
2003-06-30,4300.82,343
2005-06-04,4298.86,344
2002-01-19,4293.06,345
2004-11-19,4287.79,346
2007-06-02,4284.75,347
2000-05-21,4283.82,348
2006-09-08,4280,349
2001-06-16,4277.22,350
2005-12-18,4276.94,351
2000-05-30,4276.13,352
2002-06-08,4273.59,353
2004-04-11,4271.87,354
2001-08-14,4271.31,355
2004-12-28,4270.38,356
2003-11-07,4265.52,357
2006-05-19,4264.9,358
2003-12-18,4264.54,359
2007-08-08,4262.66,360
2001-01-16,4262.13,361
2003-08-20,4257.08,362
2006-03-19,4253.38,363
2000-11-21,4250.66,364
2007-11-20,4250.47,365
2007-09-06,4246.53,366
2006-04-09,4246.3,367
2008-01-19,4244.77,368
2000-11-23,4243.05,369
2002-07-12,4234.6,370
2004-03-12,4233.33,371
2003-08-12,4232.75,372
2004-10-08,4230.95,373
2003-10-07,4230.69,374
2006-09-20,4227.06,375
2004-11-20,4226.84,376
2003-03-25,4226.27,377
2005-06-05,4226.26,378
2006-11-30,4226.12,379
2007-07-13,4225.85,380
2000-03-04,4225.85,380
2006-02-02,4219.93,382
2001-08-15,4218.36,383
2007-03-02,4217.36,384
2006-12-25,4215.01,385
2005-04-04,4212.91,386
2004-08-06,4211.31,387
2007-11-10,4208.39,388
2003-02-05,4207.96,389
2001-12-07,4205.19,390
2002-09-19,4204.21,391
2002-02-12,4203.58,392
2007-11-02,4202.88,393
2006-12-21,4202.13,394
2007-03-25,4200.17,395
2004-03-31,4198.63,396
2000-07-08,4197.61,397
2003-07-24,4196.41,398
2000-05-01,4196.21,399
2005-01-06,4192.52,400
2007-03-18,4192.14,401
2000-07-31,4191.51,402
2004-06-07,4183.88,403
2002-08-31,4175.33,404
2006-09-14,4172.23,405
2005-07-31,4170.13,406
2001-01-15,4167.35,407
2008-01-24,4163.88,408
2001-07-15,4162.16,409
2005-10-26,4159.76,410
2002-01-06,4159.03,411
2000-04-15,4154.6,412
2002-09-29,4153.97,413
2007-07-21,4150.36,414
2002-03-12,4150.32,415
2004-01-12,4148.8,416
2004-06-02,4144.56,417
2001-11-30,4144.38,418
2000-01-09,4141.59,419
2003-09-23,4141.46,420
2002-07-26,4141,421
2003-07-04,4135.72,422
2002-02-23,4133.32,423
2005-11-20,4131.06,424
2006-10-25,4130.78,425
2004-08-10,4127.53,426
2001-12-06,4122.16,427
2006-06-09,4120.55,428
2004-08-20,4118.68,429
2001-09-13,4115.92,430
2002-05-25,4113.02,431
2008-03-09,4112.85,432
2003-11-22,4106.25,433
2005-04-07,4104.22,434
2006-02-16,4102.99,435
2006-09-04,4102.45,436
2007-02-15,4101.22,437
2001-08-19,4099.17,438
2007-08-30,4099.1,439
2000-03-07,4098.78,440
2004-04-18,4096.85,441
2002-10-17,4093.99,442
2006-04-29,4087,443
2003-08-18,4085.99,444
2002-06-12,4083.73,445
2002-08-03,4082.58,446
2000-03-21,4080.96,447
2005-09-10,4080,448
2001-06-26,4079.42,449
2005-08-25,4079.16,450
2001-09-30,4078.18,451
2007-01-27,4077.69,452
2005-06-26,4073.76,453
2001-06-24,4072.42,454
2001-12-01,4070.91,455
2004-03-08,4070.69,456
2003-08-16,4070.63,457
2002-06-21,4066.48,458
2003-10-08,4066.04,459
2000-09-18,4065.92,460
2007-03-07,4065.19,461
2003-12-04,4065.08,462
2007-05-09,4061.39,463
2005-04-25,4060.33,464
2001-12-12,4059.44,465
2006-06-21,4058.83,466
2007-01-18,4056.79,467
2001-05-08,4054.02,468
2007-09-16,4050.76,469
2000-07-07,4050.6,470
2003-08-13,4044.17,471
2002-03-27,4042.17,472
2000-12-07,4035.78,473
2008-01-18,4034.63,474
2001-10-17,4032.88,475
2002-10-30,4032.65,476
2000-03-12,4032.29,477
2002-07-18,4028.44,478
2003-08-29,4024.39,479
2005-12-31,4019.88,480
2004-08-08,4018.62,481
2001-06-23,4016.53,482
2007-10-20,4015.91,483
2002-03-18,4013.46,484
2003-03-15,4013.35,485
2001-05-17,4013.23,486
2007-06-22,4012.54,487
2002-05-18,4008.41,488
2007-07-26,4007.43,489
2000-07-24,4007.28,490
2005-03-06,4005.65,491
2003-11-24,4005.03,492
2004-05-07,4004.7,493
2007-06-07,4003.19,494
2008-01-08,4002.87,495
2007-12-29,4000.67,496
2008-02-04,3998.83,497
2006-04-22,3998,498
2000-01-07,3996.4,499
2004-06-19,3992.26,500
2008-02-12,3991.28,501
2007-01-19,3990.86,502
2003-08-25,3990.73,503
2008-01-27,3989.4,504
2004-10-05,3989.28,505
2006-10-22,3986.96,506
2007-03-31,3986.82,507
2002-04-22,3981.49,508
2004-02-09,3977.75,509
2008-01-01,3972.92,510
2002-11-11,3971.57,511
2003-01-22,3970.78,512
2006-02-04,3968.1,513
2000-06-09,3967.89,514
2007-03-24,3962.93,515
2003-01-30,3961.16,516
2001-08-26,3957.11,517
2007-12-19,3955.74,518
2004-10-04,3955.09,519
2004-04-28,3953.62,520
2008-02-08,3951.34,521
2002-08-25,3949.01,522
2003-11-06,3948.72,523
2000-10-04,3941,524
2008-03-06,3940.87,525
2005-07-22,3940.15,526
2002-07-02,3938.42,527
2001-09-06,3938.09,528
2006-11-12,3929.93,529
2002-04-07,3929.18,530
2001-06-21,3926.45,531
2005-03-10,3925.16,532
2000-05-15,3923.78,533
2001-06-19,3917.82,534
2005-11-19,3910.06,535
2001-10-31,3910.01,536
2001-04-19,3908.73,537
2006-08-21,3906.21,538
2007-01-05,3904.18,539
2000-02-16,3901.51,540
2000-12-21,3899.22,541
2000-01-28,3899.17,542
2003-01-18,3898.54,543
2004-11-09,3898.47,544
2002-07-11,3897.07,545
2005-02-25,3896.54,546
2000-08-03,3896.06,547
2002-08-02,3895.64,548
2005-11-23,3894.79,549
2003-01-12,3893.09,550
2006-04-01,3892.82,551
2002-09-16,3890.41,552
2000-06-02,3888.94,553
2002-08-11,3886.32,554
2004-04-15,3885.64,555
2007-07-04,3885.25,556
2006-09-16,3885.11,557
2000-05-18,3883.96,558
2001-01-05,3883.74,559
2007-02-03,3874.66,560
2004-07-31,3873.02,561
2001-08-13,3869.92,562
2005-01-23,3868.91,563
2001-11-04,3866.87,564
2005-10-21,3866.07,565
2003-05-04,3862.3,566
2003-12-19,3858.82,567
2000-11-10,3855.25,568
2003-08-06,3852.13,569
2000-05-23,3849.14,570
2004-09-09,3845.87,571
2004-01-14,3845.45,572
2002-08-24,3844.43,573
2002-11-12,3844.11,574
2006-05-06,3842.19,575
2004-09-08,3837.41,576
2003-10-12,3834.78,577
2003-05-30,3834.27,578
2000-02-18,3834.21,579
2000-11-18,3834.03,580
2005-05-28,3829.09,581
2002-07-24,3826.22,582
2002-01-29,3824.67,583
2006-02-17,3824.62,584
2001-09-24,3823.67,585
2002-03-02,3823.41,586
2003-09-08,3822.9,587
2001-09-01,3822.81,588
2002-09-06,3818.56,589
2008-02-16,3813.78,590
2005-12-30,3812.96,591
2003-10-02,3811.58,592
2003-05-29,3809.77,593
2000-09-25,3807.48,594
2000-08-09,3794.73,595
2005-10-24,3794.73,595
2002-08-14,3790.63,597
2001-01-25,3789.96,598
2007-03-30,3786.63,599
2007-08-01,3785.78,600
2005-01-14,3782.27,601
2003-06-11,3780.25,602
2006-09-23,3778.98,603
2002-12-21,3778.91,604
2003-02-27,3776.87,605
2004-01-06,3776.1,606
2007-11-18,3773.03,607
2007-04-24,3772.33,608
2005-04-13,3771.99,609
2001-02-15,3771.88,610
2007-01-29,3770.08,611
2006-10-28,3769.54,612
2000-04-14,3766.84,613
2001-01-08,3763.15,614
2002-02-09,3759.7,615
2005-08-14,3759.08,616
2005-12-23,3756.78,617
2003-12-29,3754.11,618
2005-09-12,3752.98,619
2005-03-08,3752.75,620
2003-12-23,3748.83,621
2003-09-25,3743.46,622
2003-12-30,3742.65,623
2004-08-29,3738.54,624
2000-06-20,3737.86,625
2005-07-16,3735.5,626
2005-09-06,3730.5,627
2004-08-12,3728.98,628
2001-08-11,3727.37,629
2000-11-30,3726.68,630
2002-01-22,3726.38,631
2007-11-28,3724.89,632
2004-10-20,3722.87,633
2003-03-26,3722.42,634
2007-04-23,3721.15,635
2001-10-26,3719.13,636
2003-01-01,3714.04,637
2001-06-03,3712.29,638
2001-06-15,3711.83,639
2006-08-03,3708.94,640
2002-10-06,3708.76,641
2006-12-24,3708.47,642
2002-09-28,3705.64,643
2005-10-27,3703.64,644
2005-07-18,3702.75,645
2005-09-03,3699.17,646
2002-03-24,3698.48,647
2001-02-09,3693.29,648
2005-07-02,3692.91,649
2003-02-01,3692.46,650
2004-03-19,3691.97,651
2000-02-26,3691.92,652
2001-01-10,3690.29,653
2006-10-01,3689.16,654
2003-10-06,3689.1,655
2006-08-28,3688.8,656
2006-05-12,3687.24,657
2004-02-04,3682.78,658
2000-05-06,3682.72,659
2005-12-22,3680.99,660
2002-12-06,3677.99,661
2005-11-09,3677.13,662
2004-11-14,3677.05,663
2005-10-28,3675.58,664
2000-06-18,3675.06,665
2004-04-17,3674.86,666
2008-03-02,3672.07,667
2004-10-13,3672.01,668
2000-08-23,3671.68,669
2006-03-15,3669.35,670
2006-10-11,3666.71,671
2000-12-13,3666.1,672
2007-07-16,3665.17,673
2003-02-22,3664.59,674
2003-03-23,3663.04,675
2007-03-23,3661.58,676
2005-08-31,3660.84,677
2003-11-19,3658.91,678
2006-08-10,3657.15,679
2003-04-27,3656.91,680
2003-09-22,3655.4,681
2004-05-19,3654.83,682
2006-06-24,3653.41,683
2005-04-12,3652.94,684
2008-02-02,3650.73,685
2002-04-12,3647.19,686
2001-10-22,3642.24,687
2003-08-23,3639.9,688
2006-03-06,3637.64,689
2007-02-09,3629.89,690
2003-08-05,3629.35,691
2004-01-08,3628.1,692
2004-11-10,3627.63,693
2002-07-21,3627.15,694
2007-03-14,3623.02,695
2000-06-10,3616.25,696
2001-11-02,3614.42,697
2004-12-01,3613.43,698
2002-03-23,3611.08,699
2002-07-05,3610.61,700
2005-05-01,3610.52,701
2000-02-29,3609.71,702
2005-01-29,3599.05,703
2001-01-06,3597.62,704
2000-04-25,3595.69,705
2005-01-20,3595,706
2001-06-25,3594.83,707
2002-06-13,3587.83,708
2001-02-04,3584.32,709
2000-03-29,3583.31,710
2003-12-31,3579.29,711
2000-01-31,3578.83,712
2003-07-21,3578.29,713
2006-05-23,3577.68,714
2003-03-17,3575.97,715
2006-12-23,3572.78,716
2001-02-03,3572.74,717
2008-02-06,3572.14,718
2005-12-26,3571.81,719
2006-06-08,3569.9,720
2002-12-01,3567.85,721
2002-02-02,3567.77,722
2005-07-08,3566.45,723
2002-01-20,3562.49,724
2006-03-17,3562.08,725
2001-10-06,3561.56,726
2002-04-03,3558.31,727
2001-09-23,3556.51,728
2003-09-28,3553.71,729
2007-10-04,3552.76,730
2003-03-02,3550.54,731
2006-06-16,3547.18,732
2003-09-05,3544.67,733
2000-11-25,3539.57,734
2002-03-09,3537.11,735
2002-10-25,3529.83,736
2003-02-25,3528.97,737
2005-03-03,3527.48,738
2000-09-23,3526.49,739
2003-11-29,3525.14,740
2006-02-06,3524.86,741
2004-04-05,3517.29,742
2007-09-01,3515.98,743
2006-01-09,3513.15,744
2007-10-26,3510.25,745
2006-01-04,3507.96,746
2003-05-24,3501.88,747
2002-11-30,3501.88,747
2005-11-04,3501.07,749
2001-08-24,3495.04,750
2005-09-14,3494.6,751
2001-04-03,3494.03,752
2005-02-05,3488.22,753
2001-06-28,3487.24,754
2003-06-04,3484.29,755
2005-03-04,3484.22,756
2005-04-17,3483.72,757
2007-05-04,3480.84,758
2002-10-12,3480.67,759
2005-10-02,3476.42,760
2000-09-22,3475.54,761
2007-12-03,3469.41,762
2006-11-19,3464.02,763
2000-04-28,3459.39,764
2001-04-10,3459.32,765
2007-11-01,3457.26,766
2000-11-04,3457.19,767
2002-01-15,3456.01,768
2003-01-31,3455.6,769
2001-08-09,3454.65,770
2006-12-13,3446.78,771
2003-11-27,3443.79,772
2007-07-03,3443.19,773
2001-10-27,3442.84,774
2005-08-06,3442.62,775
2000-09-19,3440.34,776
2000-06-11,3437.74,777
2000-08-16,3431.86,778
2004-11-02,3431.84,779
2007-04-16,3429.4,780
2004-07-17,3424.02,781
2001-03-07,3422.5,782
2000-11-19,3422.12,783
2002-12-08,3420.54,784
2007-11-17,3419.16,785
2006-06-20,3412.82,786
2004-09-26,3411.58,787
2006-11-29,3410.64,788
2004-02-01,3407.28,789
2004-07-07,3406.21,790
2005-10-16,3405.36,791
2006-11-06,3401.49,792
2000-02-05,3400.74,793
2006-03-25,3400.25,794
2003-04-25,3397.31,795
2006-04-19,3396.66,796
2002-11-29,3395.37,797
2000-09-06,3391.6,798
2005-09-04,3389.29,799
2003-09-01,3384.69,800
2005-05-02,3382.67,801
2005-12-17,3380.03,802
2002-07-31,3379.65,803
2000-10-03,3375.35,804
2000-11-29,3373.88,805
2005-11-05,3372.49,806
2006-12-11,3372.1,807
2006-02-03,3372.03,808
2007-11-09,3371.65,809
2002-12-11,3371.38,810
2004-01-26,3370.49,811
2000-12-15,3369.63,812
2007-05-28,3367,813
2003-10-04,3365.05,814
2002-05-29,3359.33,815
2007-06-10,3356.53,816
2004-05-13,3352.7,817
2002-12-25,3352.63,818
2004-11-22,3351.3,819
2006-11-14,3349.98,820
2003-12-09,3348.88,821
2006-06-10,3348.47,822
2001-11-23,3346.21,823
2000-09-24,3345.88,824
2002-04-25,3345.84,825
2000-04-07,3344.77,826
2006-07-11,3344.17,827
2001-03-31,3342.27,828
2000-08-31,3331.42,829
2004-04-02,3331.37,830
2002-01-17,3330.62,831
2001-01-21,3329.9,832
2003-09-04,3329.75,833
2005-08-02,3327.59,834
2005-03-24,3327.32,835
2002-12-20,3326.16,836
2000-08-24,3323.63,837
2002-07-20,3320.41,838
2002-05-14,3318.76,839
2006-01-16,3317.53,840
2004-04-16,3316.85,841
2000-12-31,3310.32,842
2006-11-27,3309.05,843
2002-07-27,3306.3,844
2005-12-28,3301.96,845
2005-05-15,3298.93,846
2003-02-17,3298.64,847
2003-11-28,3298.34,848
2006-05-10,3297.18,849
2006-04-07,3286.28,850
2000-09-13,3285.15,851
2000-07-13,3284.7,852
2008-01-17,3284.35,853
2006-10-20,3280.78,854
2005-10-12,3277.71,855
2005-11-30,3271.08,856
2006-07-12,3270.19,857
2005-09-07,3269.7,858
2007-02-04,3269.44,859
2001-05-18,3267.41,860
2008-03-11,3267.09,861
2003-05-25,3266.91,862
2000-02-02,3264.57,863
2007-08-15,3260.12,864
2004-05-12,3259.31,865
2001-04-09,3259.2,866
2003-11-17,3257.2,867
2005-02-22,3255.04,868
2006-12-10,3254.58,869
2000-02-12,3254.06,870
2006-10-29,3253.24,871
2002-10-02,3252.7,872
2004-03-30,3247.84,873
2005-10-04,3238.48,874
2003-07-27,3234.77,875
2000-01-23,3234.21,876
2005-06-01,3232.26,877
2006-08-07,3228.64,878
2002-07-23,3226.79,879
2002-10-08,3225.8,880
2006-04-12,3224.01,881
2005-08-16,3223.14,882
2001-01-03,3221.67,883
2006-02-10,3220.1,884
2006-06-06,3215.83,885
2006-07-14,3214.03,886
2006-11-20,3213.08,887
2001-03-17,3210.88,888
2005-08-10,3208.96,889
2005-12-03,3208.41,890
2007-12-22,3207.26,891
2002-08-26,3207.03,892
2002-09-20,3206.79,893
2003-08-14,3205.49,894
2003-06-22,3202.45,895
2001-03-29,3202.19,896
2000-05-13,3198.98,897
2002-06-16,3197.86,898
2004-06-05,3197.11,899
2008-03-04,3196.51,900
2003-02-18,3190.92,901
2005-05-26,3186.96,902
2007-12-20,3185.93,903
2006-08-29,3183.73,904
2006-04-10,3183.36,905
2005-04-20,3183.35,906
2006-04-04,3180.24,907
2004-12-02,3175.33,908
2007-09-26,3173.38,909
2006-09-26,3170.06,910
2003-05-28,3168.03,911
2005-01-15,3167.76,912
2001-08-16,3166.61,913
2000-03-01,3166.43,914
2005-03-07,3165.26,915
2005-11-27,3163.03,916
2000-08-10,3160.22,917
2001-04-15,3158.07,918
2007-05-13,3157.65,919
2000-02-19,3157.59,920
2006-01-17,3156.16,921
2002-01-08,3154.54,922
2007-10-06,3154.01,923
2005-12-14,3152.46,924
2003-07-18,3149.01,925
2004-11-06,3148.06,926
2003-06-28,3147.57,927
2005-03-14,3143.2,928
2000-04-12,3139.88,929
2007-09-07,3139.22,930
2002-02-14,3139.12,931
2001-03-18,3138.58,932
2003-02-08,3134.77,933
2006-06-13,3131.3,934
2000-05-22,3125.79,935
2000-03-26,3124.31,936
2001-03-15,3118.67,937
2006-07-20,3117.55,938
2006-05-09,3110.02,939
2004-01-18,3105.45,940
2005-06-22,3104.32,941
2000-03-13,3101.61,942
2003-02-13,3099.54,943
2000-09-03,3093.99,944
2000-03-03,3092.27,945
2004-10-29,3092.23,946
2007-06-30,3091.03,947
2002-05-17,3090.01,948
2003-05-06,3089.58,949
2006-11-07,3088.12,950
2003-05-16,3084.76,951
2005-12-01,3080.84,952
2002-03-16,3073.67,953
2007-03-15,3067.35,954
2003-06-16,3066.37,955
2008-02-21,3066.36,956
2006-09-28,3065.18,957
2001-12-02,3064.66,958
2006-03-04,3064.13,959
2005-10-23,3064.13,959
2000-05-02,3063.29,961
2003-12-13,3062.81,962
2000-05-14,3061.2,963
2001-11-27,3057.08,964
2001-08-29,3054.29,965
2002-05-06,3050.07,966
2001-05-10,3042.54,967
2007-02-06,3040.31,968
2007-09-15,3040.27,969
2002-08-05,3039.27,970
2005-02-24,3036.43,971
2002-06-06,3034.27,972
2007-07-17,3028.12,973
2002-05-27,3026.86,974
2001-10-10,3025.12,975
2002-08-28,3017.59,976
2000-11-09,3016.88,977
2001-07-14,3016.41,978
2006-01-27,3013.99,979
2007-05-21,3013.52,980
2000-11-07,3013.23,981
2003-12-28,3012.98,982
2006-07-03,3008.93,983
2007-06-08,3008.74,984
2001-08-21,3005.03,985
2003-04-17,3002.78,986
2004-10-31,3000.56,987
2006-01-02,3000.33,988
2004-07-20,2999.29,989
2007-04-15,2998.29,990
2003-03-10,2997.75,991
2007-03-13,2996.36,992
2000-03-27,2991.74,993
2006-11-10,2990.64,994
2004-07-05,2988.92,995
2007-01-15,2986.95,996
2004-05-14,2983.4,997
2006-07-08,2981.71,998
2001-09-21,2979.91,999
2002-02-08,2979.21,1000
2001-12-31,2978.68,1001
2002-11-18,2977.19,1002
2004-04-29,2977.17,1003
2002-04-11,2973.18,1004
2004-04-03,2972.89,1005
2007-10-01,2972.89,1005
2004-04-30,2970.89,1007
2000-02-22,2969.31,1008
2003-06-01,2967.13,1009
2001-02-17,2966.01,1010
2000-12-30,2963.5,1011
2003-03-12,2963.28,1012
2002-03-28,2957.62,1013
2001-05-11,2952.68,1014
2008-02-19,2948.67,1015
2006-05-13,2945.4,1016
2003-06-21,2945.16,1017
2007-07-24,2944.31,1018
2000-01-11,2943.31,1019
2006-04-26,2940.66,1020
2004-03-28,2938.43,1021
2001-04-14,2936.67,1022
2006-11-17,2936.15,1023
2006-10-12,2934.93,1024
2005-09-24,2933.04,1025
2000-09-30,2930.46,1026
2004-12-25,2930.38,1027
2004-06-24,2928.32,1028
2003-07-02,2926.84,1029
2002-03-20,2920.57,1030
2001-07-28,2920.38,1031
2006-11-02,2909.97,1032
2006-02-07,2909.47,1033
2007-12-12,2907.55,1034
2004-04-07,2906.63,1035
2004-07-02,2904.67,1036
2005-01-02,2899.88,1037
2008-01-06,2895.48,1038
2002-01-27,2893.01,1039
2004-10-02,2890.16,1040
2000-10-16,2887.83,1041
2003-08-03,2887.83,1041
2003-09-07,2887.45,1043
2003-01-29,2885.71,1044
2005-08-05,2885.32,1045
2004-04-09,2883.86,1046
2006-01-15,2882.32,1047
2007-07-22,2882.11,1048
2002-01-02,2880.65,1049
2005-01-09,2876.91,1050
2000-05-25,2875.31,1051
2007-11-22,2871.88,1052
2007-04-17,2871.38,1053
2005-09-27,2870.6,1054
2001-04-30,2869.99,1055
2006-08-30,2869.7,1056
2000-07-16,2865.28,1057
2005-01-17,2864.5,1058
2000-02-03,2862.17,1059
2003-02-24,2862,1060
2002-08-12,2858.49,1061
2000-10-10,2857.89,1062
2003-12-22,2853.17,1063
2000-05-27,2851.93,1064
2006-10-18,2850.78,1065
2004-03-02,2847.61,1066
2006-12-30,2847.13,1067
2001-10-12,2838.88,1068
2005-01-01,2836.49,1069
2003-07-09,2835.99,1070
2000-08-14,2830.81,1071
2000-01-08,2826.64,1072
2004-01-07,2824.5,1073
2006-02-22,2819.92,1074
2000-03-05,2819.75,1075
2000-07-15,2818.02,1076
2001-01-14,2816.68,1077
2006-01-08,2815.37,1078
2004-05-06,2813.03,1079
2000-12-03,2808.44,1080
2007-05-19,2806.26,1081
2006-05-22,2803.64,1082
2004-04-14,2799.21,1083
2000-06-08,2798.82,1084
2005-06-11,2797.3,1085
2007-07-15,2795.54,1086
2004-03-10,2793.12,1087
2002-12-27,2792.91,1088
2004-12-17,2786.93,1089
2000-03-19,2778.62,1090
2005-06-19,2776.4,1091
2003-01-05,2771.77,1092
2004-10-25,2769.75,1093
2002-05-15,2768.27,1094
2002-10-19,2766.4,1095
2008-01-13,2763.13,1096
2001-04-02,2762.84,1097
2006-03-08,2761.35,1098
2000-04-27,2756.85,1099
2002-11-03,2749.45,1100
2004-12-12,2748.89,1101
2008-01-21,2748.88,1102
2008-02-18,2747.93,1103
2001-01-09,2747.9,1104
2003-04-24,2747.07,1105
2000-05-10,2745.16,1106
2001-10-11,2743.48,1107
2001-05-23,2738.88,1108
2006-12-12,2734.9,1109
2007-06-12,2733.64,1110
2003-10-14,2732.39,1111
2006-12-01,2729.96,1112
2000-09-21,2728.98,1113
2008-01-10,2727.26,1114
2000-09-15,2726.68,1115
2005-09-08,2723.65,1116
2002-02-15,2718.79,1117
2004-01-30,2714.81,1118
2002-05-24,2710.78,1119
2004-11-03,2708.61,1120
2003-01-11,2705.46,1121
2003-05-26,2705.08,1122
2000-07-22,2704.47,1123
2002-04-09,2700.96,1124
2005-08-08,2698.26,1125
2005-03-16,2698.18,1126
2001-11-19,2695.75,1127
2006-11-05,2693.28,1128
2006-10-13,2690.3,1129
2005-08-07,2688.02,1130
2001-02-07,2684.33,1131
2007-06-28,2680.9,1132
2006-03-13,2676.3,1133
2001-01-19,2674.85,1134
2007-10-09,2673.26,1135
2007-02-12,2671.04,1136
2000-05-04,2669.6,1137
2002-07-08,2669.06,1138
2003-02-28,2666.7,1139
2006-11-21,2661.52,1140
2000-12-28,2660.87,1141
2004-10-15,2658.91,1142
2005-06-03,2658.36,1143
2001-07-19,2654.56,1144
2002-06-23,2653.84,1145
2005-02-02,2653.79,1146
2000-11-15,2651.59,1147
2007-01-21,2650.81,1148
2005-07-14,2650.29,1149
2004-05-04,2644.14,1150
2001-05-15,2643.51,1151
2005-02-10,2641.97,1152
2006-08-12,2641.69,1153
2006-09-25,2635.79,1154
2007-08-04,2634.8,1155
2001-11-21,2631.75,1156
2001-10-18,2629.01,1157
2004-07-10,2627.96,1158
2006-02-23,2627.57,1159
2000-02-28,2624.74,1160
2006-02-20,2624.31,1161
2000-11-14,2624.19,1162
2002-10-15,2622.8,1163
2006-09-11,2622.66,1164
2002-11-15,2621.91,1165
2002-04-15,2620.99,1166
2005-06-21,2619.45,1167
2008-02-01,2617.81,1168
2006-05-08,2615.96,1169
2000-01-17,2615.55,1170
2007-05-29,2615.5,1171
2002-07-19,2612.03,1172
2001-04-12,2608.32,1173
2001-07-03,2604.18,1174
2003-07-17,2602.79,1175
2004-10-14,2602.2,1176
2006-07-02,2601.59,1177
2003-06-13,2601.07,1178
2003-11-12,2599.55,1179
2006-03-10,2597.27,1180
2007-09-25,2596.04,1181
2005-01-18,2589.53,1182
2003-07-11,2588.07,1183
2005-05-24,2587.82,1184
2002-09-21,2586.11,1185
2006-03-27,2586,1186
2005-12-21,2584.17,1187
2005-07-01,2583.84,1188
2001-03-12,2581.89,1189
2005-02-14,2581.35,1190
2002-11-10,2580.49,1191
2005-11-18,2580.02,1192
2002-12-29,2580.01,1193
2006-03-30,2577.57,1194
2004-08-07,2571.13,1195
2006-12-20,2567.93,1196
2007-01-31,2565.96,1197
2004-02-27,2565.11,1198
2003-12-07,2563.13,1199
2007-11-11,2562.41,1200
2005-05-16,2561.55,1201
2006-06-30,2560.16,1202
2005-04-06,2555.7,1203
2003-05-20,2552,1204
2006-04-14,2551.32,1205
2006-05-28,2548.28,1206
2005-03-31,2547.9,1207
2007-07-12,2547.5,1208
2001-05-05,2542.83,1209
2005-07-20,2541.98,1210
2005-12-04,2539.85,1211
2005-02-06,2539.61,1212
2000-04-10,2537.87,1213
2004-08-15,2534.46,1214
2001-02-24,2534.02,1215
2006-07-05,2533.87,1216
2001-12-15,2531.53,1217
2003-04-15,2528.17,1218
2005-04-28,2527.12,1219
2003-09-20,2527.02,1220
2003-07-23,2524.34,1221
2005-05-31,2523.76,1222
2001-05-09,2523.63,1223
2001-02-21,2522.18,1224
2007-02-17,2521.33,1225
2005-12-06,2510.11,1226
2006-05-24,2509.04,1227
2004-04-25,2506.55,1228
2007-08-18,2506.39,1229
2001-02-11,2505.03,1230
2002-01-11,2501.82,1231
2002-04-20,2499.9,1232
2004-09-21,2499.65,1233
2007-09-24,2499.41,1234
2006-08-06,2496.13,1235
2006-02-05,2495.22,1236
2002-08-07,2495.15,1237
2004-08-05,2494.33,1238
2001-10-14,2492.35,1239
2003-10-13,2483.44,1240
2003-08-02,2480.89,1241
2001-01-22,2479.24,1242
2001-09-09,2478.65,1243
2007-02-23,2477.83,1244
2003-07-31,2477.75,1245
2003-12-25,2474.52,1246
2001-08-02,2472.44,1247
2002-10-23,2471.95,1248
2004-05-02,2469.58,1249
2003-05-13,2465.68,1250
2004-01-27,2464.75,1251
2007-11-19,2464.73,1252
2001-09-17,2464.15,1253
2001-01-26,2462.16,1254
2004-03-18,2460.11,1255
2002-07-14,2458.31,1256
2003-04-02,2456.34,1257
2004-12-27,2452.27,1258
2007-12-28,2450.46,1259
2001-10-15,2449.84,1260
2005-06-30,2447.66,1261
2000-10-09,2445.93,1262
2006-03-09,2440.95,1263
2003-04-10,2436.89,1264
2002-04-30,2434.91,1265
2007-05-15,2433.78,1266
2006-04-08,2426.76,1267
2002-08-20,2426.09,1268
2002-05-20,2421.04,1269
2008-01-23,2419.41,1270
2002-10-11,2412.02,1271
2004-12-22,2410.39,1272
2002-01-24,2408.84,1273
2005-07-23,2407.12,1274
2002-04-26,2402.13,1275
2004-12-26,2401.5,1276
2001-01-04,2399.89,1277
2003-07-30,2396.39,1278
2001-03-14,2395.71,1279
2008-01-11,2395.46,1280
2003-04-03,2394.88,1281
2007-11-07,2393.2,1282
2000-06-12,2392.12,1283
2006-06-04,2389.19,1284
2006-02-11,2389.1,1285
2001-12-14,2387.67,1286
2002-11-14,2386.71,1287
2000-02-06,2386,1288
2007-06-14,2385.48,1289
2004-12-13,2382.71,1290
2006-10-14,2382.52,1291
2004-10-24,2375.66,1292
2006-09-03,2370.82,1293
2001-01-31,2370.71,1294
2003-07-03,2368.88,1295
2007-07-01,2366.2,1296
2007-10-14,2366.03,1297
2007-03-12,2365.44,1298
2002-10-13,2361.55,1299
2004-12-29,2359.3,1300
2005-06-20,2354.3,1301
2008-01-20,2353.75,1302
2007-05-17,2352.04,1303
2007-11-04,2351.89,1304
2006-09-15,2351.85,1305
2003-04-09,2350.72,1306
2004-03-13,2347.64,1307
2004-03-24,2347.44,1308
2003-12-12,2344.51,1309
2005-08-09,2344.09,1310
2008-03-12,2343.96,1311
2000-01-18,2343.52,1312
2007-11-27,2342.72,1313
2003-06-09,2338.86,1314
2007-02-24,2338.28,1315
2001-02-05,2336.82,1316
2004-07-15,2336.77,1317
2007-08-07,2332.74,1318
2007-06-09,2328.83,1319
2007-08-22,2328.76,1320
2000-06-19,2327.33,1321
2003-10-26,2320.5,1322
2004-09-13,2318.82,1323
2005-06-12,2315.56,1324
2005-09-26,2313.56,1325
2003-07-28,2312.44,1326
2006-03-28,2311.8,1327
2000-10-27,2308.15,1328
2008-03-17,2306.9,1329
2004-11-17,2305.37,1330
2004-05-05,2303.96,1331
2005-03-25,2299.15,1332
2007-03-22,2297.95,1333
2002-05-31,2296.69,1334
2004-02-20,2296.35,1335
2001-01-20,2290.3,1336
2007-02-07,2288.24,1337
2005-12-24,2288.08,1338
2000-11-20,2287.37,1339
2000-10-15,2280.41,1340
2005-12-19,2278.81,1341
2006-01-30,2275.69,1342
2002-10-10,2275,1343
2001-03-05,2274,1344
2000-03-11,2272.06,1345
2002-09-25,2265.66,1346
2003-09-11,2264.94,1347
2002-07-10,2262.13,1348
2007-12-14,2261.03,1349
2005-05-21,2259.99,1350
2004-08-30,2258.1,1351
2007-03-04,2256.99,1352
2002-04-05,2254.08,1353
2003-04-06,2250.92,1354
2007-09-30,2247.3,1355
2004-11-01,2240.35,1356
2003-11-18,2239.67,1357
2004-09-12,2239.03,1358
2005-12-09,2235.91,1359
2006-04-15,2233.13,1360
2007-08-28,2231.68,1361
2000-08-04,2229.82,1362
2006-12-09,2225.68,1363
2001-07-12,2221.85,1364
2005-08-23,2220.6,1365
2002-07-09,2220.3,1366
2001-02-08,2219.63,1367
2007-01-20,2217.25,1368
2007-08-27,2214.97,1369
2005-10-22,2214.16,1370
2001-12-11,2213.93,1371
2000-08-15,2213.39,1372
2001-06-07,2212.22,1373
2000-06-30,2210.04,1374
2000-08-18,2209.46,1375
2007-08-26,2205.83,1376
2007-11-15,2203.14,1377
2003-03-06,2203.14,1377
2007-01-26,2202.97,1379
2003-03-29,2200.86,1380
2001-06-17,2197.64,1381
2007-05-08,2191.33,1382
2002-06-28,2188.84,1383
2006-11-11,2187.14,1384
2000-12-29,2184.54,1385
2002-06-29,2182.23,1386
2002-11-27,2179.51,1387
2001-12-17,2179.36,1388
2001-03-22,2179.24,1389
2003-03-09,2179.08,1390
2005-01-10,2178.79,1391
2004-03-29,2174.12,1392
2005-10-30,2165.75,1393
2006-01-07,2164.79,1394
2006-09-02,2162.07,1395
2002-05-19,2161.29,1396
2004-08-03,2160.07,1397
2000-06-26,2155.62,1398
2006-04-30,2154.97,1399
2000-08-17,2154.12,1400
2001-03-01,2151.45,1401
2000-07-26,2150.33,1402
2002-04-14,2148.75,1403
2005-08-04,2147.24,1404
2001-07-22,2146.55,1405
2004-05-27,2146.52,1406
2007-09-23,2143.98,1407
2001-08-31,2143.76,1408
2004-09-05,2142.61,1409
2004-12-06,2141.14,1410
2002-11-20,2139.27,1411
2000-01-01,2138.48,1412
2002-08-01,2138.21,1413
2005-03-27,2135.78,1414
2002-10-18,2134.83,1415
2000-04-19,2134.28,1416
2001-04-26,2134.23,1417
2007-10-11,2132.86,1418
2002-05-12,2131.71,1419
2004-10-30,2130.3,1420
2002-11-01,2125.33,1421
2004-06-27,2124.38,1422
2004-02-10,2116.2,1423
2006-11-08,2115.25,1424
2004-09-04,2114.37,1425
2002-06-17,2113.43,1426
2001-03-10,2110.03,1427
2001-05-06,2108.77,1428
2003-02-19,2103.73,1429
2004-03-03,2103.5,1430
2002-11-16,2100.73,1431
2000-10-19,2091.16,1432
2005-05-29,2090.63,1433
2003-09-24,2084.35,1434
2002-12-10,2080.46,1435
2002-03-05,2079.75,1436
2004-01-01,2077.67,1437
2000-11-13,2076.8,1438
2005-07-09,2075.87,1439
2005-04-08,2070.3,1440
2001-06-10,2068.48,1441
2007-01-11,2066.76,1442
2000-10-08,2066.38,1443
2005-11-01,2066.09,1444
2003-09-09,2061.14,1445
2005-06-29,2060.38,1446
2005-05-27,2057.03,1447
2001-09-10,2055.89,1448
2007-02-13,2054.76,1449
2003-03-18,2053.53,1450
2003-09-26,2053.23,1451
2002-07-30,2052.41,1452
2006-01-29,2050.48,1453
2000-01-30,2048.73,1454
2003-03-30,2046.84,1455
2001-11-12,2043.91,1456
2004-03-17,2042.78,1457
2004-08-27,2041.46,1458
2005-08-26,2039.96,1459
2002-09-30,2039.11,1460
2003-01-26,2038.43,1461
2006-12-06,2033.65,1462
2004-12-10,2032.01,1463
2004-06-13,2030.52,1464
2000-07-10,2024.37,1465
2001-03-23,2022.12,1466
2004-06-14,2020.16,1467
2001-09-05,2019.43,1468
2005-03-19,2019.02,1469
2000-03-09,2018.11,1470
2006-11-04,2016.62,1471
2007-07-27,2015.75,1472
2003-10-16,2012.98,1473
2001-08-12,2010.59,1474
2004-12-20,2009.14,1475
2005-09-30,2008.03,1476
2002-05-02,2007.57,1477
2007-08-11,2004.39,1478
2008-01-05,2004.32,1479
2007-06-06,2000.3,1480
2003-06-25,1998.09,1481
2003-01-10,1997.51,1482
2005-12-07,1997.17,1483
2005-07-15,1993.81,1484
2006-07-31,1990.63,1485
2003-10-31,1990.09,1486
2007-11-14,1989.14,1487
2003-05-18,1986.82,1488
2000-01-03,1985.26,1489
2003-10-19,1979.32,1490
2005-02-07,1979.12,1491
2004-06-29,1978.23,1492
2003-05-21,1971.12,1493
2003-01-24,1970.01,1494
2007-02-28,1968.69,1495
2004-08-21,1968.02,1496
2003-11-10,1967.2,1497
2000-03-18,1966.6,1498
2002-12-26,1964.52,1499
2002-12-05,1964.25,1500
2007-09-10,1963.54,1501
2006-12-08,1959.89,1502
2005-05-09,1957.84,1503
2007-12-04,1957.37,1504
2002-03-22,1956.01,1505
2003-01-17,1955.72,1506
2001-12-30,1953.09,1507
2004-10-01,1952.73,1508
2003-01-27,1951.6,1509
2003-04-30,1945.67,1510
2005-06-06,1940.75,1511
2008-03-01,1940.51,1512
2000-06-05,1939.6,1513
2005-06-07,1937.82,1514
2007-08-12,1936.09,1515
2002-06-27,1932.3,1516
2006-06-15,1930.44,1517
2001-04-16,1929.72,1518
2005-09-11,1928.92,1519
2004-08-11,1928.67,1520
2007-07-08,1927.25,1521
2006-09-06,1925.42,1522
2000-02-09,1924.03,1523
2007-01-17,1921.08,1524
2007-08-05,1913.91,1525
2002-04-04,1911.49,1526
2002-04-02,1909.3,1527
2002-01-12,1908.48,1528
2006-08-24,1907.76,1529
2006-06-23,1905.1,1530
2005-02-23,1902.08,1531
2004-10-12,1899.25,1532
2001-10-21,1894.25,1533
2001-10-25,1894.25,1533
2003-05-22,1892.64,1535
2002-09-09,1891.59,1536
2004-11-26,1891.37,1537
2004-03-15,1887.56,1538
2005-05-04,1887.26,1539
2000-07-01,1883.54,1540
2004-05-16,1881.06,1541
2003-05-15,1878.47,1542
2004-05-24,1877.17,1543
2003-01-25,1874.84,1544
2000-10-24,1873.05,1545
2006-10-09,1870.34,1546
2003-12-14,1868.82,1547
2003-07-29,1868.69,1548
2006-05-29,1868.69,1548
2001-02-12,1865.91,1550
2006-12-18,1865.07,1551
2006-09-09,1862.05,1552
2007-01-22,1860.2,1553
2004-12-18,1857.37,1554
2001-06-11,1856.72,1555
2005-04-18,1853.58,1556
2000-04-03,1848.49,1557
2003-08-08,1848.42,1558
2005-08-24,1843.29,1559
2003-06-12,1841.36,1560
2007-01-12,1838.12,1561
2004-06-28,1825.14,1562
2005-06-15,1818.57,1563
2000-03-14,1818.03,1564
2003-04-18,1817.45,1565
2008-02-14,1817.23,1566
2006-11-24,1813.88,1567
2007-02-14,1811.33,1568
2004-03-21,1810.88,1569
2003-09-13,1810.39,1570
2004-07-14,1809.59,1571
2003-07-14,1809.11,1572
2007-06-01,1809.05,1573
2004-02-29,1808.74,1574
2002-10-28,1808.28,1575
2004-02-05,1807.99,1576
2004-12-30,1807.77,1577
2000-10-17,1806.44,1578
2005-08-12,1804.82,1579
2000-03-08,1802.94,1580
2006-04-02,1799.37,1581
2002-12-19,1798.26,1582
2008-02-10,1797.75,1583
2003-09-17,1793.76,1584
2001-03-24,1790.52,1585
2003-10-10,1783.65,1586
2003-08-27,1780.77,1587
2006-06-28,1777.93,1588
2006-06-18,1776.89,1589
2003-01-20,1774.05,1590
2000-02-01,1772.67,1591
2004-10-23,1772.22,1592
2002-08-19,1771,1593
2007-06-16,1767.5,1594
2003-10-01,1764.08,1595
2007-10-27,1760.17,1596
2007-11-24,1759.41,1597
2000-08-26,1757.45,1598
2004-10-22,1757.4,1599
2006-12-07,1756.51,1600
2007-04-13,1754.48,1601
2004-01-05,1748.57,1602
2007-10-16,1748.45,1603
2000-04-23,1746.98,1604
2003-03-22,1745.29,1605
2002-05-30,1743.33,1606
2005-07-07,1742.89,1607
2002-07-13,1741.26,1608
2007-12-24,1736.76,1609
2006-08-26,1732.5,1610
2006-11-16,1731.33,1611
2006-09-13,1729.31,1612
2004-05-22,1727.68,1613
2002-11-07,1726.82,1614
2002-03-11,1726.8,1615
2007-07-10,1726.63,1616
2004-06-08,1723.04,1617
2008-02-07,1710.71,1618
2005-10-05,1709.93,1619
2002-05-10,1709.55,1620
2004-08-04,1707.36,1621
2007-08-14,1701.58,1622
2007-08-29,1700.84,1623
2006-12-05,1699.08,1624
2007-04-10,1698.44,1625
2006-07-27,1698.15,1626
2003-05-31,1697.45,1627
2004-09-25,1697.31,1628
2007-12-16,1695.99,1629
2004-05-25,1693.02,1630
2002-07-25,1692.55,1631
2005-05-03,1690.33,1632
2005-01-19,1685.82,1633
2005-02-15,1685.41,1634
2007-04-04,1684.61,1635
2003-08-26,1683.33,1636
2004-05-11,1682.14,1637
2007-06-23,1675.5,1638
2003-03-20,1675.49,1639
2007-09-27,1675.19,1640
2002-09-18,1668.35,1641
2004-07-26,1667.16,1642
2000-06-01,1665.23,1643
2007-10-05,1660.75,1644
2003-09-06,1658.36,1645
2006-03-31,1657.67,1646
2005-06-23,1657.62,1647
2007-09-29,1653.86,1648
2000-06-22,1651.63,1649
2001-03-16,1650.96,1650
2004-07-12,1650.66,1651
2006-10-04,1650.03,1652
2004-12-04,1649.9,1653
2007-09-12,1647.55,1654
2004-01-02,1643.44,1655
2003-04-26,1641.11,1656
2008-03-05,1640.78,1657
2005-02-16,1639.25,1658
2000-05-08,1638.79,1659
2003-12-27,1638.55,1660
2001-09-26,1636.63,1661
2004-03-23,1634.42,1662
2006-12-28,1631.33,1663
2006-10-17,1630.13,1664
2006-03-05,1629.76,1665
2002-09-24,1629.41,1666
2002-02-17,1627.61,1667
2003-05-02,1626.48,1668
2003-05-10,1623.57,1669
2006-06-27,1622.38,1670
2002-08-30,1622.23,1671
2006-08-05,1617.3,1672
2005-03-12,1616.42,1673
2007-12-25,1615.15,1674
2000-04-21,1609.86,1675
2007-12-07,1609.26,1676
2001-06-22,1609.11,1677
2004-07-04,1609.03,1678
2002-06-14,1602.77,1679
2004-04-04,1602.42,1680
2004-05-31,1598.41,1681
2004-09-27,1597.85,1682
2003-03-19,1593.42,1683
2005-06-28,1582.06,1684
2007-05-11,1581.74,1685
2007-11-08,1578.61,1686
2004-03-26,1578.31,1687
2001-02-01,1577.08,1688
2003-06-10,1576.36,1689
2007-10-28,1575.13,1690
2002-02-04,1574.57,1691
2004-06-20,1572.03,1692
2000-01-15,1570.51,1693
2000-12-26,1568.38,1694
2006-11-03,1567.76,1695
2001-10-29,1566.73,1696
2007-03-20,1565.94,1697
2006-10-03,1565.7,1698
2006-05-21,1564.88,1699
2007-10-19,1564.2,1700
2003-08-22,1557.97,1701
2000-10-12,1556.14,1702
2004-04-01,1550.77,1703
2006-09-24,1550.42,1704
2007-02-01,1545.94,1705
2001-06-06,1545.48,1706
2006-04-16,1539.73,1707
2001-02-16,1539.56,1708
2005-09-18,1539.29,1709
2006-03-29,1533.14,1710
2001-04-01,1528.54,1711
2006-09-30,1527.7,1712
2001-04-24,1525.9,1713
2000-12-05,1525.06,1714
2005-12-27,1522.56,1715
2000-11-12,1521.24,1716
2001-12-08,1520.41,1717
2006-02-26,1518.07,1718
2004-11-24,1509.9,1719
2005-01-26,1508.58,1720
2005-12-25,1505.65,1721
2002-04-13,1505.62,1722
2001-04-22,1505.55,1723
2003-11-13,1505.54,1724
2001-01-02,1503.14,1725
2003-05-01,1500.53,1726
2005-11-21,1499.87,1727
2005-04-14,1495.36,1728
2004-03-16,1493.76,1729
2005-05-08,1492.55,1730
2007-06-29,1489.94,1731
2002-09-22,1484.08,1732
2006-07-28,1482.77,1733
2007-11-12,1482.27,1734
2007-03-16,1478.67,1735
2006-05-02,1477.71,1736
2006-01-14,1475.58,1737
2003-03-14,1470.23,1738
2007-12-13,1469.9,1739
2000-02-07,1468.1,1740
2001-11-10,1467.27,1741
2007-08-31,1463.35,1742
2004-10-27,1457.61,1743
2000-09-07,1457.24,1744
2004-11-21,1455.29,1745
2001-10-04,1453.41,1746
2003-03-27,1451.08,1747
2006-07-29,1449.7,1748
2001-08-04,1445.67,1749
2003-01-03,1442.82,1750
2001-09-08,1441.45,1751
2005-11-17,1439.12,1752
2006-03-11,1436.21,1753
2002-12-14,1428.03,1754
2005-02-08,1426.74,1755
2007-02-27,1425.77,1756
2000-10-26,1424.94,1757
2005-08-28,1421.47,1758
2000-06-04,1420.19,1759
2003-11-03,1417.91,1760
2000-07-14,1414.44,1761
2005-04-29,1407.61,1762
2005-11-13,1405.15,1763
2003-10-11,1400.33,1764
2007-11-25,1399.92,1765
2002-05-05,1397.89,1766
2000-09-28,1386.17,1767
2007-10-21,1386.09,1768
2002-10-31,1378.86,1769
2005-06-14,1378.79,1770
2007-07-31,1377.27,1771
2005-12-08,1375.69,1772
2004-02-26,1374.94,1773
2005-06-10,1374.38,1774
2004-03-04,1372.6,1775
2004-06-04,1370.92,1776
2003-01-19,1370.05,1777
2004-12-31,1369.86,1778
2001-06-29,1367.03,1779
2000-09-08,1364.04,1780
2006-08-18,1363.32,1781
2006-04-25,1362.12,1782
2000-04-29,1359.64,1783
2007-12-06,1357.2,1784
2003-01-06,1355.75,1785
2003-09-18,1354.73,1786
2004-04-08,1354.58,1787
2000-08-11,1352.94,1788
2002-11-28,1351.6,1789
2001-09-19,1350.96,1790
2004-01-31,1348.64,1791
2006-07-26,1348.25,1792
2000-11-03,1346.07,1793
2006-12-15,1340.52,1794
2002-04-08,1338.67,1795
2002-11-25,1337.01,1796
2007-12-09,1334.81,1797
2002-06-03,1334.19,1798
2001-02-06,1333.52,1799
2005-07-26,1333.5,1800
2006-01-18,1332.45,1801
2005-12-02,1331.32,1802
2000-12-08,1328.87,1803
2000-02-20,1328.83,1804
2004-09-24,1328.41,1805
2000-05-17,1327.95,1806
2005-02-13,1326.23,1807
2001-07-09,1322.77,1808
2006-06-25,1319.74,1809
2000-12-24,1313.53,1810
2003-07-10,1309.68,1811
2003-07-20,1304.39,1812
2003-02-14,1304.01,1813
2006-08-08,1299.45,1814
2002-01-10,1297.98,1815
2004-02-21,1296.35,1816
2005-01-30,1289.91,1817
2002-07-22,1288.65,1818
2006-04-20,1285.36,1819
2000-06-21,1285.1,1820
2000-09-04,1284.34,1821
2003-03-21,1283.16,1822
2005-09-29,1280.76,1823
2002-10-16,1278.03,1824
2003-06-20,1276.27,1825
2002-06-04,1274.05,1826
2001-07-01,1271.84,1827
2000-08-27,1269.72,1828
2001-07-18,1269.52,1829
2005-10-14,1268.38,1830
2007-08-13,1268.3,1831
2000-10-07,1268.03,1832
2004-02-19,1267.9,1833
2003-08-15,1266.8,1834
2007-06-15,1262.01,1835
2003-08-01,1261.58,1836
2006-06-19,1258.8,1837
2002-03-08,1255.9,1838
2003-07-22,1254.75,1839
2006-07-10,1252.1,1840
2004-11-27,1249.29,1841
2002-01-03,1246.96,1842
2001-09-02,1246.69,1843
2006-04-03,1246.51,1844
2007-09-03,1244.45,1845
2006-07-16,1242.37,1846
2006-02-15,1238.85,1847
2008-03-14,1235.44,1848
2007-06-25,1234.53,1849
2006-03-18,1234.41,1850
2007-08-25,1233.8,1851
2002-11-05,1232.69,1852
2003-07-15,1232.17,1853
2000-03-06,1231.54,1854
2004-09-23,1230.97,1855
2002-06-25,1230.84,1856
2000-01-10,1229.64,1857
2005-06-02,1229.41,1858
2004-07-30,1229.23,1859
2007-07-09,1225.26,1860
2001-08-30,1224.38,1861
2001-01-01,1223.99,1862
2005-05-13,1222.75,1863
2000-03-23,1221.44,1864
2007-02-25,1217.61,1865
2002-09-14,1213.36,1866
2001-05-26,1213.16,1867
2001-10-07,1202.37,1868
2003-01-28,1200.5,1869
2003-03-11,1200.17,1870
2003-05-19,1198.38,1871
2005-07-03,1197.54,1872
2004-04-12,1196.29,1873
2001-10-16,1194.67,1874
2004-12-15,1192.71,1875
2005-09-17,1191.61,1876
2000-07-23,1189.87,1877
2006-07-22,1186,1878
2004-07-21,1185.64,1879
2002-10-22,1185.41,1880
2004-12-14,1184.77,1881
2000-08-20,1184.5,1882
2006-05-31,1183.08,1883
2002-10-07,1182.66,1884
2007-07-11,1179.99,1885
2001-07-17,1177.26,1886
2005-10-09,1176.14,1887
2002-04-18,1170.74,1888
2004-06-26,1168.98,1889
2004-07-22,1164.3,1890
2008-01-31,1161.38,1891
2005-05-17,1159.98,1892
2000-10-25,1157.48,1893
2002-06-19,1153.59,1894
2005-10-01,1150.38,1895
2005-03-26,1148.69,1896
2002-07-29,1147.82,1897
2005-05-22,1147.25,1898
2002-09-03,1146,1899
2004-08-23,1144.51,1900
2005-09-21,1138.57,1901
2001-02-22,1137.54,1902
2005-08-20,1135.26,1903
2003-10-21,1133.9,1904
2000-08-30,1130.75,1905
2003-10-17,1130.67,1906
2004-11-30,1126.51,1907
2001-02-23,1122.92,1908
2002-04-10,1120.16,1909
2005-05-05,1120.1,1910
2004-01-29,1119.42,1911
2005-07-04,1113.74,1912
2001-06-01,1107.26,1913
2002-05-08,1106.58,1914
2003-01-23,1103.89,1915
2001-11-17,1103.21,1916
2000-01-12,1101,1917
2001-02-02,1097.58,1918
2005-01-16,1097.34,1919
2004-07-13,1095.79,1920
2000-01-20,1093.26,1921
2006-10-23,1092.89,1922
2005-04-30,1092.7,1923
2004-01-11,1092.37,1924
2005-11-06,1088.82,1925
2005-09-28,1088.29,1926
2001-12-10,1085.87,1927
2005-11-26,1083.87,1928
2007-11-29,1083.05,1929
2002-03-30,1079.03,1930
2006-11-13,1078.48,1931
2006-12-27,1071.44,1932
2003-03-08,1067.77,1933
2006-02-13,1067.6,1934
2001-02-18,1065.32,1935
2004-07-27,1065.09,1936
2006-08-15,1064.2,1937
2000-12-16,1059.81,1938
2006-05-16,1059.72,1939
2001-12-21,1058.77,1940
2001-11-24,1058.04,1941
2003-11-21,1058.04,1941
2000-12-27,1057.15,1943
2002-03-29,1056.49,1944
2000-10-22,1049.47,1945
2006-11-25,1045.9,1946
2004-11-18,1043.55,1947
2001-12-05,1043.02,1948
2000-08-13,1039.62,1949
2007-12-11,1031.89,1950
2007-08-03,1028.32,1951
2008-02-27,1026.94,1952
2005-08-18,1026.77,1953
2005-05-19,1025.03,1954
2007-05-12,1024.03,1955
2001-12-16,1023.09,1956
2007-07-20,1015.84,1957
2007-09-14,1013.26,1958
2006-08-09,1011.42,1959
2002-09-05,1010.66,1960
2003-08-07,1010.39,1961
2002-10-05,1005.92,1962
2003-01-04,1003.1,1963
2004-09-07,1000.99,1964
